Workbook

Sheet Referencia_Python
A1: clase | B1: probabilidad_python
A2: DAÑOS MECÁNICOS | B2: 0.00091705259
A3: EMBRIAGUEZ O DROGA | B3: 0.36071134
A4: EXCESO VELOCIDAD | B4: 0.21594479
A5: FACTORES CLIMÁTICOS | B5: 0.011832097
A6: IMPERICIA E IMPRUDENCIA DEL CONDUCTOR | B6: 0.22407225
A7: IMPRUDENCIA DEL PEATÓN | B7: 0.069184942
A8: MAL ESTADO DE LA VÍA | B8: 0.012202646
A9: MAL REBASAMIENTO INVADIR CARRIL | B9: 0.062996123
A10: NO RESPETA LAS SEÑALES DE TRÁNSITO | B10: 0.039811625
A11: OTRAS CAUSAS | B11: 0.0023271313

Sheet 1_Estandarizacion
A1: feature | B1: raw value | C1: mean | D1: scale
A2: ='0_Entrada'!A2 -> MES_ABRIL | B2: ='0_Entrada'!B2 -> FALSE | C2: =Scaler!B2 -> 0.081571458 | D2: =Scaler!C2 -> 0.27371071 | E2: =(--B2-C2)/D2 -> -0.2980207
A3: ='0_Entrada'!A3 -> MES_AGOSTO | B3: ='0_Entrada'!B3 -> FALSE | C3: =Scaler!B3 -> 0.086907908 | D3: =Scaler!C3 -> 0.28170006 | E3: =(--B3-C3)/D3 -> -0.30851221
A4: ='0_Entrada'!A4 -> MES_DICIEMBRE | B4: ='0_Entrada'!B4 -> FALSE | C4: =Scaler!B4 -> 0.094175645 | D4: =Scaler!C4 -> 0.29207292 | E4: =(--B4-C4)/D4 -> -0.32243881
A5: ='0_Entrada'!A5 -> MES_ENERO | B5: ='0_Entrada'!B5 -> TRUE | C5: =Scaler!B5 -> 0.077607237 | D5: =Scaler!C5 -> 0.26755253 | E5: =(--B5-C5)/D5 -> 3.4475203
A6: ='0_Entrada'!A6 -> MES_FEBRERO | B6: ='0_Entrada'!B6 -> FALSE | C6: =Scaler!B6 -> 0.079284407 | D6: =Scaler!C6 -> 0.27018214 | E6: =(--B6-C6)/D6 -> -0.29344799
A7: ='0_Entrada'!A7 -> MES_JULIO | B7: ='0_Entrada'!B7 -> FALSE | C7: =Scaler!B7 -> 0.085535678 | D7: =Scaler!C7 -> 0.27967718 | E7: =(--B7-C7)/D7 -> -0.30583717
A8: ='0_Entrada'!A8 -> MES_JUNIO | B8: ='0_Entrada'!B8 -> FALSE | C8: =Scaler!B8 -> 0.085535678 | D8: =Scaler!C8 -> 0.27967718 | E8: =(--B8-C8)/D8 -> -0.30583717
A9: ='0_Entrada'!A9 -> MES_MARZO | B9: ='0_Entrada'!B9 -> FALSE | C9: =Scaler!B9 -> 0.085179915 | D9: =Scaler!C9 -> 0.27914924 | E9: =(--B9-C9)/D9 -> -0.30514113
A10: ='0_Entrada'!A10 -> MES_MAYO | B10: ='0_Entrada'!B10 -> FALSE | C10: =Scaler!B10 -> 0.080707461 | D10: =Scaler!C10 -> 0.27238533 | E10: =(--B10-C10)/D10 -> -0.29629886
A11: ='0_Entrada'!A11 -> MES_NOVIEMBRE | B11: ='0_Entrada'!B11 -> FALSE | C11: =Scaler!B11 -> 0.085993088 | D11: =Scaler!C11 -> 0.28035384 | E11: =(--B11-C11)/D11 -> -0.30673055
A12: ='0_Entrada'!A12 -> MES_OCTUBRE | B12: ='0_Entrada'!B12 -> FALSE | C12: =Scaler!B12 -> 0.072829843 | D12: =Scaler!C12 -> 0.25985699 | E12: =(--B12-C12)/D12 -> -0.28026894
A13: ='0_Entrada'!A13 -> MES_SEPTIEMBRE | B13: ='0_Entrada'!B13 -> FALSE | C13: =Scaler!B13 -> 0.084671681 | D13: =Scaler!C13 -> 0.27839251 | E13: =(--B13-C13)/D13 -> -0.30414497
... A241: ='0_Entrada'!A241 -> ZONA_RURAL | B241: ='0_Entrada'!B241 -> FALSE | C241: =Scaler!B241 -> 0.34971539 | D241: =Scaler!C241 -> 0.47688 | E241: =(--B241-C241)/D241 -> -0.73334044

Sheet 2_Capa1
A1: neuron | B1: z | C1: a_relu
A2: 1 | B2: {=SUMPRODUCT('1_Estandarizacion'!$E$2:$E$242,INDEX(Capa1_Pesos!$A$1:$AX$241,0,A2))+INDEX(Capa1_Sesgos!$A$2:$A$51,A2)} -> -0.79640333 | C2: =MAX(0,B2) -> 0
A3: =1+A2 -> 2 | B3: {=SUMPRODUCT('1_Estandarizacion'!$E$2:$E$242,INDEX(Capa1_Pesos!$A$1:$AX$241,0,A3))+INDEX(Capa1_Sesgos!$A$2:$A$51,A3)} -> 0.066725187 | C3: =MAX(0,B3) -> 0.066725187
A4: =1+A3 -> 3 | B4: {=SUMPRODUCT('1_Estandarizacion'!$E$2:$E$242,INDEX(Capa1_Pesos!$A$1:$AX$241,0,A4))+INDEX(Capa1_Sesgos!$A$2:$A$51,A4)} -> -3.1777663 | C4: =MAX(0,B4) -> 0
A5: =1+A4 -> 4 | B5: {=SUMPRODUCT('1_Estandarizacion'!$E$2:$E$242,INDEX(Capa1_Pesos!$A$1:$AX$241,0,A5))+INDEX(Capa1_Sesgos!$A$2:$A$51,A5)} -> -3.2175175 | C5: =MAX(0,B5) -> 0
A6: =1+A5 -> 5 | B6: {=SUMPRODUCT('1_Estandarizacion'!$E$2:$E$242,INDEX(Capa1_Pesos!$A$1:$AX$241,0,A6))+INDEX(Capa1_Sesgos!$A$2:$A$51,A6)} -> 2.0826132 | C6: =MAX(0,B6) -> 2.0826132
A7: =1+A6 -> 6 | B7: {=SUMPRODUCT('1_Estandarizacion'!$E$2:$E$242,INDEX(Capa1_Pesos!$A$1:$AX$241,0,A7))+INDEX(Capa1_Sesgos!$A$2:$A$51,A7)} -> 0.0035879834 | C7: =MAX(0,B7) -> 0.0035879834
A8: =1+A7 -> 7 | B8: {=SUMPRODUCT('1_Estandarizacion'!$E$2:$E$242,INDEX(Capa1_Pesos!$A$1:$AX$241,0,A8))+INDEX(Capa1_Sesgos!$A$2:$A$51,A8)} -> -5.3050153 | C8: =MAX(0,B8) -> 0
A9: =1+A8 -> 8 | B9: {=SUMPRODUCT('1_Estandarizacion'!$E$2:$E$242,INDEX(Capa1_Pesos!$A$1:$AX$241,0,A9))+INDEX(Capa1_Sesgos!$A$2:$A$51,A9)} -> 1.5982091 | C9: =MAX(0,B9) -> 1.5982091
A10: =1+A9 -> 9 | B10: {=SUMPRODUCT('1_Estandarizacion'!$E$2:$E$242,INDEX(Capa1_Pesos!$A$1:$AX$241,0,A10))+INDEX(Capa1_Sesgos!$A$2:$A$51,A10)} -> 0.93264734 | C10: =MAX(0,B10) -> 0.93264734
A11: =1+A10 -> 10 | B11: {=SUMPRODUCT('1_Estandarizacion'!$E$2:$E$242,INDEX(Capa1_Pesos!$A$1:$AX$241,0,A11))+INDEX(Capa1_Sesgos!$A$2:$A$51,A11)} -> -3.8822432 | C11: =MAX(0,B11) -> 0
A12: =1+A11 -> 11 | B12: {=SUMPRODUCT('1_Estandarizacion'!$E$2:$E$242,INDEX(Capa1_Pesos!$A$1:$AX$241,0,A12))+INDEX(Capa1_Sesgos!$A$2:$A$51,A12)} -> -6.790477 | C12: =MAX(0,B12) -> 0
A13: =1+A12 -> 12 | B13: {=SUMPRODUCT('1_Estandarizacion'!$E$2:$E$242,INDEX(Capa1_Pesos!$A$1:$AX$241,0,A13))+INDEX(Capa1_Sesgos!$A$2:$A$51,A13)} -> 2.1760085 | C13: =MAX(0,B13) -> 2.1760085
A14: =1+A13 -> 13 | B14: {=SUMPRODUCT('1_Estandarizacion'!$E$2:$E$242,INDEX(Capa1_Pesos!$A$1:$AX$241,0,A14))+INDEX(Capa1_Sesgos!$A$2:$A$51,A14)} -> -7.3796545 | C14: =MAX(0,B14) -> 0
... A51: =1+A50 -> 50 | B51: {=SUMPRODUCT('1_Estandarizacion'!$E$2:$E$242,INDEX(Capa1_Pesos!$A$1:$AX$241,0,A51))+INDEX(Capa1_Sesgos!$A$2:$A$51,A51)} -> -3.2484061 | C51: =MAX(0,B51) -> 0

Sheet 3_Salida
A1: class_idx | B1: class | C1: score | D1: exp | E1: probability | F1: prob_python | G1: difference
A2: 1 | B2: {=INDEX(Clases!$B$2:$B$11,A2)} -> DAÑOS MECÁNICOS | C2: {=SUMPRODUCT('2_Capa1'!$C$2:$C$51,INDEX(Capa2_Pesos!$A$1:$J$50,0,A2))+INDEX(Capa2_Sesgos!$A$2:$A$11,A2)} -> -3.89062 | D2: =EXP(C2) -> 0.020432675 | E2: =D2/$D$13 -> 0.0015024868 | F2: {=INDEX(Referencia_Python!$B$2:$B$11,A2)} -> 0.00091705259 | G2: =E2-F2 -> 0.0005854342
A3: =1+A2 -> 2 | B3: {=INDEX(Clases!$B$2:$B$11,A3)} -> EMBRIAGUEZ O DROGA | C3: {=SUMPRODUCT('2_Capa1'!$C$2:$C$51,INDEX(Capa2_Pesos!$A$1:$J$50,0,A3))+INDEX(Capa2_Sesgos!$A$2:$A$11,A3)} -> 1.3166189 | D3: =EXP(C3) -> 3.730786 | E3: =D3/$D$13 -> 0.27433788 | F3: {=INDEX(Referencia_Python!$B$2:$B$11,A3)} -> 0.36071134 | G3: =E3-F3 -> -0.086373454
A4: =1+A3 -> 3 | B4: {=INDEX(Clases!$B$2:$B$11,A4)} -> EXCESO VELOCIDAD | C4: {=SUMPRODUCT('2_Capa1'!$C$2:$C$51,INDEX(Capa2_Pesos!$A$1:$J$50,0,A4))+INDEX(Capa2_Sesgos!$A$2:$A$11,A4)} -> 1.1894404 | D4: =EXP(C4) -> 3.2852421 | E4: =D4/$D$13 -> 0.24157547 | F4: {=INDEX(Referencia_Python!$B$2:$B$11,A4)} -> 0.21594479 | G4: =E4-F4 -> 0.025630674
A5: =1+A4 -> 4 | B5: {=INDEX(Clases!$B$2:$B$11,A5)} -> FACTORES CLIMÁTICOS | C5: {=SUMPRODUCT('2_Capa1'!$C$2:$C$51,INDEX(Capa2_Pesos!$A$1:$J$50,0,A5))+INDEX(Capa2_Sesgos!$A$2:$A$11,A5)} -> -1.7294389 | D5: =EXP(C5) -> 0.17738392 | E5: =D5/$D$13 -> 0.013043666 | F5: {=INDEX(Referencia_Python!$B$2:$B$11,A5)} -> 0.011832097 | G5: =E5-F5 -> 0.0012115698
A6: =1+A5 -> 5 | B6: {=INDEX(Clases!$B$2:$B$11,A6)} -> IMPERICIA E IMPRUDENCIA DEL CONDUCTOR | C6: {=SUMPRODUCT('2_Capa1'!$C$2:$C$51,INDEX(Capa2_Pesos!$A$1:$J$50,0,A6))+INDEX(Capa2_Sesgos!$A$2:$A$11,A6)} -> 1.247594 | D6: =EXP(C6) -> 3.4819553 | E6: =D6/$D$13 -> 0.25604048 | F6: {=INDEX(Referencia_Python!$B$2:$B$11,A6)} -> 0.22407225 | G6: =E6-F6 -> 0.031968224
A7: =1+A6 -> 6 | B7: {=INDEX(Clases!$B$2:$B$11,A7)} -> IMPRUDENCIA DEL PEATÓN | C7: {=SUMPRODUCT('2_Capa1'!$C$2:$C$51,INDEX(Capa2_Pesos!$A$1:$J$50,0,A7))+INDEX(Capa2_Sesgos!$A$2:$A$11,A7)} -> -0.1736245 | D7: =EXP(C7) -> 0.84061249 | E7: =D7/$D$13 -> 0.061813208 | F7: {=INDEX(Referencia_Python!$B$2:$B$11,A7)} -> 0.069184942 | G7: =E7-F7 -> -0.0073717344
A8: =1+A7 -> 7 | B8: {=INDEX(Clases!$B$2:$B$11,A8)} -> MAL ESTADO DE LA VÍA | C8: {=SUMPRODUCT('2_Capa1'!$C$2:$C$51,INDEX(Capa2_Pesos!$A$1:$J$50,0,A8))+INDEX(Capa2_Sesgos!$A$2:$A$11,A8)} -> -1.74951 | D8: =EXP(C8) -> 0.17385911 | E8: =D8/$D$13 -> 0.012784475 | F8: {=INDEX(Referencia_Python!$B$2:$B$11,A8)} -> 0.012202646 | G8: =E8-F8 -> 0.00058182945
A9: =1+A8 -> 8 | B9: {=INDEX(Clases!$B$2:$B$11,A9)} -> MAL REBASAMIENTO INVADIR CARRIL | C9: {=SUMPRODUCT('2_Capa1'!$C$2:$C$51,INDEX(Capa2_Pesos!$A$1:$J$50,0,A9))+INDEX(Capa2_Sesgos!$A$2:$A$11,A9)} -> 0.27562881 | D9: =EXP(C9) -> 1.3173588 | E9: =D9/$D$13 -> 0.096870048 | F9: {=INDEX(Referencia_Python!$B$2:$B$11,A9)} -> 0.062996123 | G9: =E9-F9 -> 0.033873925
A10: =1+A9 -> 9 | B10: {=INDEX(Clases!$B$2:$B$11,A10)} -> NO RESPETA LAS SEÑALES DE TRÁNSITO | C10: {=SUMPRODUCT('2_Capa1'!$C$2:$C$51,INDEX(Capa2_Pesos!$A$1:$J$50,0,A10))+INDEX(Capa2_Sesgos!$A$2:$A$11,A10)} -> -0.61553089 | D10: =EXP(C10) -> 0.54035395 | E10: =D10/$D$13 -> 0.039734136 | F10: {=INDEX(Referencia_Python!$B$2:$B$11,A10)} -> 0.039811625 | G10: =E10-F10 -> -7.7489517e-05
A11: =1+A10 -> 10 | B11: {=INDEX(Clases!$B$2:$B$11,A11)} -> OTRAS CAUSAS | C11: {=SUMPRODUCT('2_Capa1'!$C$2:$C$51,INDEX(Capa2_Pesos!$A$1:$J$50,0,A11))+INDEX(Capa2_Sesgos!$A$2:$A$11,A11)} -> -3.4656359 | D11: =EXP(C11) -> 0.031253125 | E11: =D11/$D$13 -> 0.0022981528 | F11: {=INDEX(Referencia_Python!$B$2:$B$11,A11)} -> 0.0023271313 | G11: =E11-F11 -> -2.8978527e-05
E12: =SUM(E2:E11) -> 1
D13: =SUM(D2:D11) -> 13.599237 | F13: =INDEX(B2:B11,MATCH(MAX(E2:E11),E2:E11,0)) -> EMBRIAGUEZ O DROGA

Sheet 0_Entrada
A1: Column1 | B1: valor
A2: MES_ABRIL | B2: FALSE
A3: MES_AGOSTO | B3: FALSE
A4: MES_DICIEMBRE | B4: FALSE
A5: MES_ENERO | B5: TRUE
A6: MES_FEBRERO | B6: FALSE
A7: MES_JULIO | B7: FALSE
A8: MES_JUNIO | B8: FALSE
A9: MES_MARZO | B9: FALSE
A10: MES_MAYO | B10: FALSE
A11: MES_NOVIEMBRE | B11: FALSE
A12: MES_OCTUBRE | B12: FALSE
A13: MES_SEPTIEMBRE | B13: FALSE
... A242: ZONA_URBANA | B242: TRUE

Sheet Scaler
A1: feature | B1: mean | C1: scale
A2: MES_ABRIL | B2: 0.081571458 | C2: 0.27371071
A3: MES_AGOSTO | B3: 0.086907908 | C3: 0.28170006
A4: MES_DICIEMBRE | B4: 0.094175645 | C4: 0.29207292
A5: MES_ENERO | B5: 0.077607237 | C5: 0.26755253
A6: MES_FEBRERO | B6: 0.079284407 | C6: 0.27018214
A7: MES_JULIO | B7: 0.085535678 | C7: 0.27967718
A8: MES_JUNIO | B8: 0.085535678 | C8: 0.27967718
A9: MES_MARZO | B9: 0.085179915 | C9: 0.27914924
A10: MES_MAYO | B10: 0.080707461 | C10: 0.27238533
A11: MES_NOVIEMBRE | B11: 0.085993088 | C11: 0.28035384
A12: MES_OCTUBRE | B12: 0.072829843 | C12: 0.25985699
A13: MES_SEPTIEMBRE | B13: 0.084671681 | C13: 0.27839251
... A242: ZONA_URBANA | B242: 0.65028461 | C242: 0.47688

Sheet Capa1_Pesos
A1: 0.25467496 | B1: -0.5562002 | C1: 0.49363615 | D1: 0.63652076 | E1: -0.41336377 | F1: -0.6203967 | G1: -0.280568 | H1: 0.50616582 | I1: 0.1502581 | J1: -0.046121298 | K1: -0.78633929 | L1: -0.32090904 | M1: 0.41121947 | N1: -0.083875964 | O1: 0.35790475 | P1: 0.4528779 | Q1: -0.55671941 | R1: 0.25012702 | S1: 0.63971146 | T1: -0.033617186 | U1: -0.42004045 | V1: -0.79724578 | W1: -0.49871679 | X1: -0.50938108 | Y1: 0.33219212 | Z1: 0.47947183 | AA1: -0.28917088 | AB1: 0.37607076 | AC1: 0.50520159 | AD1: 0.40009099 | AE1: 0.12960423 | AF1: -0.36968191 | AG1: -1.3999889 | AH1: 0.62799597 | AI1: 0.47674887 | AJ1: 0.93969687 | AK1: 0.17669189 | AL1: -0.54323887 | AM1: 0.63904296 | AN1: 0.1215881 | AO1: 0.66468075 | AP1: -0.54498391 | AQ1: -0.39094321 | AR1: 0.85682998 | AS1: -0.19115947 | AT1: -0.65010028 | AU1: -0.83465094 | AV1: -0.50227401 | AW1: -0.41829524 | AX1: 0.05223722
A2: -0.049701782 | B2: 0.28716439 | C2: 0.8128964 | D2: -0.24067724 | E2: 0.577473 | F2: 0.20915337 | G2: -0.025786132 | H2: -0.36402983 | I2: 0.17304385 | J2: 0.18728703 | K2: 0.18352046 | L2: 0.15310407 | M2: -0.39990455 | N2: -0.059547915 | O2: 0.26783956 | P2: 0.14552612 | Q2: -0.62725024 | R2: 0.39216537 | S2: -0.34162478 | T2: 1.1800394 | U2: 0.92924433 | V2: 0.093583793 | W2: 1.1245394 | X2: 0.20140735 | Y2: 0.40460745 | Z2: 0.78653097 | AA2: -0.11152678 | AB2: 0.23536924 | AC2: 0.21307801 | AD2: -0.25187522 | AE2: 0.86292032 | AF2: 0.46274694 | AG2: -0.95136858 | AH2: -1.1929772 | AI2: -0.17389023 | AJ2: -0.46871777 | AK2: -0.54796872 | AL2: 0.30859796 | AM2: 0.066079865 | AN2: 0.11097647 | AO2: -0.26072421 | AP2: 0.36958568 | AQ2: -0.15968531 | AR2: -0.5041038 | AS2: -0.17313198 | AT2: -0.11391901 | AU2: 0.18626998 | AV2: -0.14929728 | AW2: 0.15103888 | AX2: -1.3364632
A3: 0.12500772 | B3: -0.15271639 | C3: -0.2483161 | D3: -0.36737944 | E3: -0.38150788 | F3: -0.04249517 | G3: 0.65486871 | H3: 0.64076278 | I3: -0.32752499 | J3: -0.20386214 | K3: 0.65794802 | L3: -1.105119 | M3: 0.13822203 | N3: 0.14583818 | O3: -0.081120362 | P3: -1.0041392 | Q3: 0.23778832 | R3: 0.22753082 | S3: -0.25252003 | T3: -0.094062403 | U3: -0.52929449 | V3: 0.2654696 | W3: -0.11420566 | X3: -0.033931209 | Y3: -0.96952985 | Z3: -1.6263784 | AA3: 0.6296905 | AB3: 0.42827399 | AC3: -0.84414427 | AD3: 0.033334124 | AE3: 0.048875991 | AF3: -0.51185389 | AG3: -0.47637553 | AH3: -1.8495332 | AI3: -0.014075407 | AJ3: -0.80705389 | AK3: 0.52452574 | AL3: 0.29677425 | AM3: -0.14048512 | AN3: 0.24902076 | AO3: -0.93775716 | AP3: -0.89105948 | AQ3: 0.6508371 | AR3: -0.25598504 | AS3: -0.46871908 | AT3: 0.17557856 | AU3: 0.45273686 | AV3: -0.28362295 | AW3: 0.57080335 | AX3: 0.21613508
A4: 0.097677675 | B4: 0.098061479 | C4: -0.26418793 | D4: 0.29087298 | E4: 0.15397122 | F4: -0.19626428 | G4: -0.60500935 | H4: 0.38718268 | I4: -0.23555962 | J4: 0.069866044 | K4: -0.63577206 | L4: 0.10279607 | M4: -0.07294228 | N4: -0.13556711 | O4: -0.462228 | P4: -0.43017432 | Q4: -0.76593887 | R4: -1.3257509 | S4: 0.070460219 | T4: 0.12076231 | U4: 1.3204447 | V4: -0.13524221 | W4: -0.20436824 | X4: -0.0092632883 | Y4: -0.9390711 | Z4: -0.8592252 | AA4: -0.32954795 | AB4: -0.37455832 | AC4: 0.26781848 | AD4: -0.85428641 | AE4: -0.75479741 | AF4: -1.6186117 | AG4: 0.57065494 | AH4: 0.046256362 | AI4: 0.097041842 | AJ4: -0.13249507 | AK4: 0.39597937 | AL4: -0.044688672 | AM4: 0.36719519 | AN4: -0.065842842 | AO4: -0.54171394 | AP4: 0.09188562 | AQ4: -0.36138178 | AR4: -0.67534787 | AS4: 0.26759342 | AT4: 0.18740574 | AU4: -1.1532184 | AV4: 0.60032051 | AW4: -0.67134046 | AX4: 0.61337501
A5: -0.012960775 | B5: -1.0389426 | C5: -0.94218042 | D5: -0.1136598 | E5: -0.20250115 | F5: -0.118164 | G5: -0.10676542 | H5: -0.095515875 | I5: -0.84176058 | J5: -0.79371086 | K5: -0.12940935 | L5: 0.013731013 | M5: 0.11422729 | N5: -0.30069884 | O5: -0.38644512 | P5: 0.21791385 | Q5: 0.074621701 | R5: -0.072340332 | S5: 0.12976815 | T5: 0.19313173 | U5: 0.0090665145 | V5: -1.111188 | W5: -0.40600532 | X5: 0.69722657 | Y5: -0.20324199 | Z5: -0.36708104 | AA5: 0.6949432 | AB5: -0.31576324 | AC5: -0.031654439 | AD5: -0.89935206 | AE5: 0.41656685 | AF5: -0.29343739 | AG5: -0.12109966 | AH5: 0.60254453 | AI5: -0.3546092 | AJ5: 0.17407395 | AK5: -0.17207999 | AL5: -0.18149526 | AM5: -0.77343199 | AN5: -0.71887799 | AO5: -0.53482396 | AP5: 1.1861437 | AQ5: 0.26383199 | AR5: 0.0090811267 | AS5: -0.42463739 | AT5: 0.28092923 | AU5: -0.18891379 | AV5: 0.76634632 | AW5: 0.29798347 | AX5: 0.3575833
A6: -0.47184199 | B6: 0.47843229 | C6: 0.71803245 | D6: 0.34220998 | E6: 0.76730701 | F6: -0.12765924 | G6: -0.22591251 | H6: -0.14741215 | I6: 0.51690847 | J6: -0.38961009 | K6: 0.40638615 | L6: 0.5527542 | M6: -0.79055617 | N6: 0.96842201 | O6: 0.33130342 | P6: 0.027544238 | Q6: 0.22893768 | R6: -0.25665479 | S6: -0.58504865 | T6: -0.52051812 | U6: -0.3330562 | V6: 0.26562753 | W6: 0.53393561 | X6: -0.26279639 | Y6: 0.13579663 | Z6: 0.67118478 | AA6: -0.010973367 | AB6: -0.35680394 | AC6: 0.17593124 | AD6: 0.33387773 | AE6: -0.060681097 | AF6: 0.73992969 | AG6: 0.12233942 | AH6: -0.14179047 | AI6: -0.031923154 | AJ6: -0.16312695 | AK6: -0.41802833 | AL6: -0.34887109 | AM6: -0.18016781 | AN6: 0.12850292 | AO6: 0.93077477 | AP6: -0.028691583 | AQ6: -0.11806108 | AR6: 0.010692506 | AS6: 0.21757115 | AT6: 0.096343995 | AU6: 1.0180887 | AV6: -0.030943706 | AW6: -0.33844311 | AX6: -0.079298715
A7: -0.097335077 | B7: 0.38252381 | C7: 0.43471705 | D7: 0.43024986 | E7: -0.58181818 | F7: 0.92242647 | G7: 0.045602563 | H7: -1.1711594 | I7: 0.1325074 | J7: -0.92780545 | K7: -1.0567919 | L7: 0.20330742 | M7: -0.072371049 | N7: -0.13406679 | O7: 0.42923516 | P7: 0.40804957 | Q7: 0.20697866 | R7: 0.54214617 | S7: 0.17835779 | T7: 0.41160055 | U7: -0.98599094 | V7: -0.1557225 | W7: -0.38637614 | X7: 0.29916152 | Y7: 1.0777178 | Z7: 0.29390543 | AA7: 0.00082452539 | AB7: 0.33682669 | AC7: -0.10726931 | AD7: 0.31348528 | AE7: 0.10950974 | AF7: 0.21543107 | AG7: -0.093714237 | AH7: 0.76133578 | AI7: -0.24247542 | AJ7: 0.20086264 | AK7: 0.22231506 | AL7: 0.30705649 | AM7: 0.5947548 | AN7: -0.024421135 | AO7: 0.14855307 | AP7: 0.17676729 | AQ7: 0.013939217 | AR7: 0.54741416 | AS7: -0.80454594 | AT7: 0.25126085 | AU7: -0.13718843 | AV7: -0.82852215 | AW7: -0.3713747 | AX7: 0.41720784
A8: 0.35596872 | B8: 0.039026245 | C8: -0.70064302 | D8: -1.5374104 | E8: -0.36636848 | F8: 0.16696702 | G8: -0.84373979 | H8: 0.66055473 | I8: 0.38880529 | J8: -0.015361992 | K8: -1.3081122 | L8: 0.5318384 | M8: 0.068838264 | N8: 0.087811901 | O8: 0.69741044 | P8: 0.042266778 | Q8: 0.87512697 | R8: 0.48406827 | S8: 0.31129441 | T8: -0.21273726 | U8: -0.013002524 | V8: -0.3899667 | W8: -1.2590142 | X8: -0.154491 | Y8: -0.40788835 | Z8: 0.021009586 | AA8: 0.48325905 | AB8: -0.78017388 | AC8: -0.64348242 | AD8: 0.82287043 | AE8: -0.8042627 | AF8: 0.44992477 | AG8: 1.0115891 | AH8: 0.30324817 | AI8: 0.78561289 | AJ8: 0.15142432 | AK8: -0.384173 | AL8: 0.34160332 | AM8: 0.40081605 | AN8: 0.68915197 | AO8: 0.32000817 | AP8: 0.12279214 | AQ8: 0.120221 | AR8: 0.33014198 | AS8: 0.43061149 | AT8: -0.5521206 | AU8: -0.34435089 | AV8: -0.18304427 | AW8: 0.25029053 | AX8: 0.48179625
A9: 0.40339017 | B9: 0.00083461792 | C9: 0.64859624 | D9: 0.37716776 | E9: -0.17669958 | F9: 0.16278234 | G9: -0.050032473 | H9: 0.020473824 | I9: -0.039085479 | J9: -0.63615946 | K9: -0.49283326 | L9: 0.15245445 | M9: 0.65466802 | N9: -0.30791025 | O9: -0.28515931 | P9: 0.39827737 | Q9: -0.025486085 | R9: -0.083976564 | S9: -0.48278649 | T9: -0.45274202 | U9: -0.061534286 | V9: 0.35726705 | W9: 0.034110399 | X9: 0.033131405 | Y9: 0.57214403 | Z9: 0.6504324 | AA9: -0.39604151 | AB9: 0.1146866 | AC9: 0.8799978 | AD9: -0.20311483 | AE9: -0.67740568 | AF9: -0.49221089 | AG9: 0.27038819 | AH9: 0.38822568 | AI9: -0.53305662 | AJ9: 0.77248076 | AK9: -0.049162822 | AL9: -0.73769945 | AM9: -0.073163322 | AN9: -1.6823136 | AO9: 0.1008841 | AP9: 0.23594266 | AQ9: -0.045426575 | AR9: -0.33130347 | AS9: 0.4571417 | AT9: -0.76775654 | AU9: 0.054395539 | AV9: 0.17470329 | AW9: -0.32433365 | AX9: -0.11171797
A10: 0.29565575 | B10: -0.032319016 | C10: -1.0875667 | D10: -1.7121831 | E10: -0.0050965098 | F10: -0.88142245 | G10: 0.54082479 | H10: -0.17390261 | I10: -0.037094668 | J10: 0.33573456 | K10: 0.67306624 | L10: -0.79527055 | M10: 0.083269516 | N10: -0.55597113 | O10: -0.18259095 | P10: -0.5673226 | Q10: -0.033934968 | R10: -0.41789488 | S10: 0.22185287 | T10: -0.10077612 | U10: -0.49861369 | V10: 0.53666142 | W10: -0.73284211 | X10: -0.012440133 | Y10: -1.2763452 | Z10: -1.2031731 | AA10: -0.48318808 | AB10: 0.42313129 | AC10: -0.10536805 | AD10: -0.056363882 | AE10: 0.45350999 | AF10: -0.51529837 | AG10: -0.60663838 | AH10: -0.34834413 | AI10: 0.24049859 | AJ10: -0.023512783 | AK10: -0.054066715 | AL10: -0.0088557116 | AM10: 0.14395428 | AN10: 0.53887912 | AO10: -0.66157398 | AP10: -0.46797463 | AQ10: 0.31546433 | AR10: -0.43930718 | AS10: -0.56290822 | AT10: 0.36226656 | AU10: 0.43357574 | AV10: -0.34092608 | AW10: 0.41375025 | AX10: 0.11220861
A11: -0.08753738 | B11: 0.59885935 | C11: -0.3797077 | D11: 0.77157234 | E11: 0.048970261 | F11: -0.039880203 | G11: -0.30226883 | H11: -0.21126111 | I11: -0.21361019 | J11: 0.78954386 | K11: -0.25945085 | L11: 0.18479423 | M11: 0.21986615 | N11: -0.46910324 | O11: -0.96373565 | P11: -0.71110668 | Q11: -0.27273595 | R11: -0.51561755 | S11: -0.18461984 | T11: 0.19600561 | U11: 0.32919231 | V11: -0.02496744 | W11: 0.36055852 | X11: -0.16371564 | Y11: 0.055768274 | Z11: 0.23193024 | AA11: -0.1250129 | AB11: -0.25804067 | AC11: -0.17140095 | AD11: -0.44257729 | AE11: 0.056804174 | AF11: -0.041317807 | AG11: 0.026212812 | AH11: -0.022817711 | AI11: -0.13175503 | AJ11: -0.52748525 | AK11: -0.061154528 | AL11: 0.010498137 | AM11: -0.20858509 | AN11: -0.34118863 | AO11: 0.13029972 | AP11: -0.33181999 | AQ11: 0.41211581 | AR11: 0.24341495 | AS11: 0.32883637 | AT11: 0.41028049 | AU11: -0.53347751 | AV11: -0.16741163 | AW11: 0.44319691 | AX11: -1.0741887
A12: -1.0461508 | B12: -0.21759696 | C12: -0.42845683 | D12: 0.21738323 | E12: 0.54148539 | F12: -0.053578486 | G12: 0.44690645 | H12: -0.77995347 | I12: 0.15173917 | J12: 0.60367789 | K12: 0.86907596 | L12: 0.26699895 | M12: -0.29229237 | N12: 0.65216225 | O12: -0.10648666 | P12: 0.63050105 | Q12: 0.12323266 | R12: 0.40138276 | S12: 0.053544381 | T12: -1.0966675 | U12: -0.23186023 | V12: 0.49199158 | W12: 0.15642351 | X12: 0.10173854 | Y12: 0.35771145 | Z12: 0.52491917 | AA12: -0.19488879 | AB12: -0.10021309 | AC12: -0.2565846 | AD12: 0.020981877 | AE12: -0.28246662 | AF12: 0.89402772 | AG12: 0.30808483 | AH12: -0.65563128 | AI12: -0.25123201 | AJ12: -0.50832894 | AK12: 0.14028889 | AL12: 0.10557103 | AM12: -1.1972223 | AN12: -0.31022021 | AO12: -0.063428122 | AP12: -0.2169029 | AQ12: -1.4958972 | AR12: -0.50389303 | AS12: 0.59288984 | AT12: 0.10879095 | AU12: 0.44875394 | AV12: 0.54306318 | AW12: -0.018790808 | AX12: -0.79446501
... A241: 0.37213878 | B241: -0.64148681 | C241: 0.31470355 | D241: -0.49054885 | E241: -0.277393 | F241: 0.49942037 | G241: 0.50240378 | H241: -0.16490182 | I241: 0.95238437 | J241: 0.18721934 | K241: -0.23543238 | L241: -0.71853605 | M241: -0.21489057 | N241: 1.0218002 | O241: -0.14764312 | P241: 0.6030503 | Q241: -0.7416268 | R241: 0.2462879 | S241: 0.93075629 | T241: 0.25055092 | U241: -0.40584375 | V241: 0.75821265 | W241: 0.71749981 | X241: 1.0630325 | Y241: -0.35225052 | Z241: -1.076307 | AA241: 0.17871466 | AB241: -1.0363205 | AC241: 0.32677854 | AD241: -0.80182366 | AE241: 0.63794769 | AF241: -0.13245257 | AG241: -0.28960477 | AH241: 0.065271908 | AI241: 0.70306851 | AJ241: 0.54405034 | AK241: 0.16077865 | AL241: 0.20966369 | AM241: -0.0053248136 | AN241: -0.1769744 | AO241: -0.24536229 | AP241: -0.35035273 | AQ241: 0.083139111 | AR241: 0.44494516 | AS241: 0.3646897 | AT241: 0.021294826 | AU241: -0.27047345 | AV241: 0.35878385 | AW241: 0.12791246 | AX241: 0.48479949

Sheet Capa1_Sesgos
A1: bias
A2: -0.14118052
A3: -0.4426814
A4: -0.81495206
A5: -1.54246
A6: -0.78273253
A7: -1.0120492
A8: -0.05065826
A9: -0.4279958
A10: -0.88726132
A11: -1.8199013
A12: -1.5683679
A13: -0.88102455
... A51: -0.87882424

Sheet Capa2_Pesos
A1: -0.32722507 | B1: -0.062394542 | C1: 0.11607116 | D1: 0.10426413 | E1: 0.093019906 | F1: 0.3644395 | G1: -0.4970743 | H1: -0.049905534 | I1: -0.035398538 | J1: -0.4942428
A2: -0.16929437 | B2: 0.11473744 | C2: -0.088877629 | D2: -0.0047024816 | E2: 0.27322443 | F2: -0.15243939 | G2: 0.18717442 | H2: 0.1867878 | I2: 0.27310027 | J2: -0.008715624
A3: -0.88121219 | B3: 0.10335524 | C3: 0.20832716 | D3: 0.04269126 | E3: -0.10624259 | F3: 0.29288037 | G3: -0.2676735 | H3: 0.17212371 | I3: 0.18744928 | J3: 0.072816959
A4: 0.078468917 | B4: -0.20916731 | C4: 0.042963839 | D4: -0.48008625 | E4: -0.15999699 | F4: -0.39367193 | G4: 0.016512695 | H4: 0.18697676 | I4: -0.22622636 | J4: -0.05322137
A5: -0.022828364 | B5: 0.22310526 | C5: 0.15723624 | D5: -0.32933197 | E5: 0.062122954 | F5: 0.00050186979 | G5: -0.2762623 | H5: -0.24850947 | I5: -0.11793347 | J5: -0.34373261
A6: 0.018911583 | B6: 0.07791945 | C6: -0.30131547 | D6: 0.052150054 | E6: 0.068578694 | F6: 0.0030975007 | G6: -0.3092135 | H6: -0.32118302 | I6: -0.033628569 | J6: -0.029755935
A7: -0.56343469 | B7: 0.00073837695 | C7: 0.098367248 | D7: -0.50764628 | E7: -0.018949601 | F7: 0.17153095 | G7: -0.0017022785 | H7: 0.35868915 | I7: -0.12325747 | J7: -0.2257571
A8: -0.43247039 | B8: 0.14310028 | C8: -0.10608454 | D8: 0.22234998 | E8: 0.17440116 | F8: 0.24342607 | G8: -1.022707 | H8: -0.031174593 | I8: 0.10114387 | J8: -0.088160914
A9: -0.31128734 | B9: 0.19467376 | C9: 0.088084363 | D9: 0.35321628 | E9: -0.26734384 | F9: 0.059929729 | G9: 0.094889535 | H9: -0.074642061 | I9: 0.06313754 | J9: -0.13482179
A10: 0.14560204 | B10: -0.12208365 | C10: -0.0037874291 | D10: 0.093176678 | E10: 0.063682033 | F10: 0.031596967 | G10: -0.032248276 | H10: -0.57675844 | I10: -0.09404198 | J10: 0.08447756
A11: -0.086751761 | B11: 0.099406521 | C11: -0.27734483 | D11: 0.19158137 | E11: -0.0061738284 | F11: -0.43611543 | G11: 0.14634121 | H11: -0.25094113 | I11: -0.055775014 | J11: -0.35992068
A12: -0.20532584 | B12: 0.072405515 | C12: 0.2154274 | D12: 0.30076522 | E12: 0.077398604 | F12: 0.16534639 | G12: 0.26656614 | H12: 0.15624517 | I12: -0.27038075 | J12: -0.52154591
... A50: 0.27798613 | B50: -0.18769151 | C50: -0.10637168 | D50: 0.082511845 | E50: -0.17340185 | F50: -0.47857272 | G50: 0.44129798 | H50: -0.21253351 | I50: -0.0040487138 | J50: 0.33036622

Sheet Capa2_Sesgos
A1: bias
A2: 0.26770297
A3: 0.15689486
A4: 0.65995815
A5: -0.27406831
A6: -0.49249128
A7: -0.21211018
A8: 0.69213198
A9: 0.58252725
A10: 0.13241168
A11: 0.41426968

Sheet Clases
A1: indice_salida | B1: clase
A2: 0 | B2: DAÑOS MECÁNICOS
A3: 1 | B3: EMBRIAGUEZ O DROGA
A4: 2 | B4: EXCESO VELOCIDAD
A5: 3 | B5: FACTORES CLIMÁTICOS
A6: 4 | B6: IMPERICIA E IMPRUDENCIA DEL CONDUCTOR
A7: 5 | B7: IMPRUDENCIA DEL PEATÓN
A8: 6 | B8: MAL ESTADO DE LA VÍA
A9: 7 | B9: MAL REBASAMIENTO INVADIR CARRIL
A10: 8 | B10: NO RESPETA LAS SEÑALES DE TRÁNSITO
A11: 9 | B11: OTRAS CAUSAS
